Component,LHV
-,mmbtu/tonne
C1,47.50551876
C2,45.10375276
C3,44.02649007
C4,43.44370861
CO,9.59602649
H2,113.9580574
H2S,14.44812362
oil,0.0
PC,0.0
