Gas,N2,O2,CO2,H2O
N2,0,0,0,0
O2,0,0,0,0
CO2,0,0,0,0
H2O,0,0,0,0
C1,7.54,2,0.002864,0.19
C2,13.2,3.5,0.01,0.34
C3,18.86,5,0.01,0.49
C4,24.52,6.5,0.01,0.63
CO,1.89,0.5,0.000716,0.05
H2,1.89,0.5,0,0.05
H2S,5.66,1.5,0,0.15
SO2,0,0,0,0
